id,name,artists,danceability,energy,key,loudness,mode,speechiness,acousticness,instrumentalness,liveness,valence,tempo,duration_ms,time_signature,preview_url
7qiZfU4dY1lWllzX7mPBI3,Shape of You,Ed Sheeran,0.825,0.652,1,-3.183,0,0.0802,0.581,0,0.0931,0.931,95.977,233713,4,https://p.scdn.co/mp3-preview/84462d8e1e4d0f9e5ccd06f0da390f65843774a2?cid=5e7e6827cb774fe1bb25da3028491839
5CtI0qwDJkDQGwXD1H1cLb,Despacito - Remix,Luis Fonsi,0.694,0.815,2,-4.328,1,0.12,0.229,0,0.0924,0.813,88.931,228827,4,-1
4aWmUDTfIPGksMNLV2rQP2,Despacito (Featuring Daddy Yankee),Luis Fonsi,0.66,0.786,2,-4.757,1,0.17,0.209,0,0.112,0.846,177.833,228200,4,-1
6RUKPb4LETWmmr3iAEQktW,Something Just Like This,The Chainsmokers,0.617,0.635,11,-6.769,0,0.0317,0.0498,1.44E-05,0.164,0.446,103.019,247160,4,https://p.scdn.co/mp3-preview/cb1ae1f9e2f874dd2d19e4c29edb552777eb1e7a?cid=5e7e6827cb774fe1bb25da3028491839
3DXncPQOG4VBw3QHh3S817,I'm the One,DJ Khaled,0.609,0.668,7,-4.284,1,0.0367,0.0552,0,0.167,0.811,80.924,288600,4,https://p.scdn.co/mp3-preview/bd3a4ddcdc9f41eedd1732279f50b5c74964fa24?cid=5e7e6827cb774fe1bb25da3028491839
7KXjTSCq5nL1LoYtL7XAwS,HUMBLE.,Kendrick Lamar,0.904,0.611,1,-6.842,0,0.0888,0.000259,2.03E-05,0.0976,0.4,150.02,177000,4,-1
3eR23VReFzcdmS7TYCrhCe,It Ain't Me (with Selena Gomez),Kygo,0.64,0.533,0,-6.596,1,0.0706,0.119,0,0.0864,0.515,99.968,220781,4,https://p.scdn.co/mp3-preview/14c4f664755de848314b8acafae1f18fcc4f8660?cid=5e7e6827cb774fe1bb25da3028491839
3B54sVLJ402zGa6Xm4YGNe,Unforgettable,French Montana,0.726,0.769,6,-5.043,1,0.123,0.0293,0.0101,0.104,0.733,97.985,233902,4,https://p.scdn.co/mp3-preview/3814de3ede7445566a5b176bb23120af44da62d8?cid=5e7e6827cb774fe1bb25da3028491839
0KKkJNfGyhkQ5aFogxQAPU,That's What I Like,Bruno Mars,0.853,0.56,1,-4.961,1,0.0406,0.013,0,0.0944,0.86,134.066,206693,4,https://p.scdn.co/mp3-preview/f09116ce18bd77f543e68a925e5a96509e79ac6a?cid=5e7e6827cb774fe1bb25da3028491839
3NdDpSvN911VPGivFlV5d0,I Don't Wanna Live Forever,ZAYN,0.735,0.451,0,-8.374,1,0.0585,0.0631,1.30E-05,0.325,0.0862,117.973,245200,4,-1
7GX5flRQZVHRAGd6B4TmDO,XO TOUR Llif3,Lil Uzi Vert,0.732,0.75,11,-6.366,0,0.231,0.00264,0,0.109,0.401,155.096,182707,4,https://p.scdn.co/mp3-preview/7add10ee576e9017030c09aa6d8bcaf682714859?cid=5e7e6827cb774fe1bb25da3028491839
72jbDTw1piOOj770jWNeaG,Paris,The Chainsmokers,0.653,0.658,2,-6.428,1,0.0304,0.0215,1.66E-06,0.0939,0.219,99.99,221507,4,https://p.scdn.co/mp3-preview/1bf99008d3c4ef8f26d7bec1f535efe6b261a91c?cid=5e7e6827cb774fe1bb25da3028491839
0dA2Mk56wEzDgegdC6R17g,Stay (with Alessia Cara),Zedd,0.679,0.634,5,-5.024,0,0.0654,0.232,0,0.115,0.498,102.013,210091,4,-1
4iLqG9SeJSnt0cSPICSjxv,Attention,Charlie Puth,0.774,0.626,3,-4.432,0,0.0432,0.0969,3.12E-05,0.0848,0.777,100.041,211475,4,https://p.scdn.co/mp3-preview/e20bdb50a10a7c5ada4bd34252bed3bfa3823b7a?cid=5e7e6827cb774fe1bb25da3028491839
0VgkVdmE4gld66l8iyGjgx,Mask Off,Future,0.833,0.434,2,-8.795,1,0.431,0.0102,0.0219,0.165,0.281,150.062,204600,4,https://p.scdn.co/mp3-preview/0519fc7c44d418ca6c721d9aa83e9597065288e1?cid=5e7e6827cb774fe1bb25da3028491839
3a1lNhkSLSkpJE4MSHpDu9,Congratulations,Post Malone,0.627,0.812,6,-4.215,1,0.0358,0.198,0,0.212,0.504,123.071,220293,4,-1
6kex4EBAj0WHXDKZMEJaaF,Swalla (feat. Nicki Minaj & Ty Dolla $ign),Jason Derulo,0.696,0.817,1,-3.862,1,0.109,0.075,0,0.187,0.782,98.064,216409,4,https://p.scdn.co/mp3-preview/9aa4e0500aae8b33d04f031c454688890ab06468?cid=5e7e6827cb774fe1bb25da3028491839
6PCUP3dWmTjcTtXY02oFdT,Castle on the Hill,Ed Sheeran,0.461,0.834,2,-4.868,1,0.0989,0.0232,1.14E-05,0.14,0.471,135.007,261154,4,https://p.scdn.co/mp3-preview/beb4ed48cca5d2a792e877c7efe92d54046eac67?cid=5e7e6827cb774fe1bb25da3028491839
5knuzwU65gJK7IF5yJsuaW,Rockabye (feat. Sean Paul & Anne-Marie),Clean Bandit,0.72,0.763,9,-4.068,0,0.0523,0.406,0,0.18,0.742,101.965,251088,4,https://p.scdn.co/mp3-preview/3c126ba33517e26c879ac10e3099df15c7b2aec0?cid=5e7e6827cb774fe1bb25da3028491839
0CcQNd8CINkwQfe1RDtGV6,Believer,Imagine Dragons,0.779,0.787,10,-4.305,0,0.108,0.0524,0,0.14,0.708,124.982,204347,4,-1
2rb5MvYT7ZIxbKW5hfcHx8,Mi Gente,J Balvin,0.543,0.677,11,-4.915,0,0.0993,0.0148,6.21E-06,0.13,0.294,103.809,189440,4,-1
0tKcYR2II1VCQWT79i5NrW,Thunder,Imagine Dragons,0.6,0.81,0,-4.749,1,0.0479,0.00683,0.21,0.155,0.298,167.88,187147,4,-1
5uCax9HTNlzGybIStD3vDh,Say You Won't Let Go,James Arthur,0.358,0.557,10,-7.398,1,0.059,0.695,0,0.0902,0.494,85.043,211467,4,https://p.scdn.co/mp3-preview/00825cb1779b31d68964eda6f2a7911fc2ae96c6?cid=5e7e6827cb774fe1bb25da3028491839
79cuOz3SPQTuFrp8WgftAu,There's Nothing Holdin' Me Back,Shawn Mendes,0.857,0.8,2,-4.035,1,0.0583,0.381,0,0.0913,0.966,121.996,199440,4,-1
6De0lHrwBfPfrhorm9q1Xl,Me Rehuso,Danny Ocean,0.744,0.804,1,-6.327,1,0.0677,0.0231,0,0.0494,0.426,104.823,205715,4,https://p.scdn.co/mp3-preview/e44589534ea9a8956c0305e1545977ae8a1a482c?cid=5e7e6827cb774fe1bb25da3028491839
6D0b04NJIKfEMg040WioJQ,Issues,Julia Michaels,0.706,0.427,8,-6.864,1,0.0879,0.413,0,0.0609,0.42,113.804,176320,4,-1
0afhq8XCExXpqazXczTSve,Galway Girl,Ed Sheeran,0.624,0.876,9,-3.374,1,0.1,0.0735,0,0.327,0.781,99.943,170827,4,https://p.scdn.co/mp3-preview/cec1fc40a0220f20d3b91dd28d8e1141ad5e7e25?cid=5e7e6827cb774fe1bb25da3028491839
3ebXMykcMXOcLeJ9xZ17XH,Scared to Be Lonely,Martin Garrix,0.584,0.54,1,-7.786,0,0.0576,0.0895,0,0.261,0.195,137.972,220883,4,https://p.scdn.co/mp3-preview/36cf23a16f3d05a2c1d3d7abfe7b13e5dc3c6ade?cid=5e7e6827cb774fe1bb25da3028491839
7BKLCZ1jbUBVqRi2FVlTVw,Closer,The Chainsmokers,0.748,0.524,8,-5.599,1,0.0338,0.414,0,0.111,0.661,95.01,244960,4,https://p.scdn.co/mp3-preview/8d3df1c64907cb183bff5a127b1525b530992afb?cid=5e7e6827cb774fe1bb25da3028491839
1x5sYLZiu9r5E43kMlt9f8,Symphony (feat. Zara Larsson),Clean Bandit,0.707,0.629,0,-4.581,0,0.0563,0.259,1.60E-05,0.138,0.457,122.863,212459,4,https://p.scdn.co/mp3-preview/45e100c336ff5ebbc5bdbae4224f25aa08fa9ca2?cid=5e7e6827cb774fe1bb25da3028491839
5GXAXm5YOmYT0kL5jHvYBt,I Feel It Coming,The Weeknd,0.768,0.813,0,-5.94,0,0.128,0.427,0,0.102,0.579,92.994,269187,4,-1
5aAx2yezTd8zXrkmtKl66Z,Starboy,The Weeknd,0.681,0.594,7,-7.028,1,0.282,0.165,3.49E-06,0.134,0.535,186.054,230453,4,-1
1OAh8uOEOvTDqkKFsKksCi,Wild Thoughts,DJ Khaled,0.671,0.672,0,-3.094,0,0.0688,0.0329,0,0.118,0.632,97.98,204173,4,https://p.scdn.co/mp3-preview/0125e266e263979998023260663762f4af55ced7?cid=5e7e6827cb774fe1bb25da3028491839
7tr2za8SQg2CI8EDgrdtNl,Slide,Calvin Harris,0.736,0.795,1,-3.299,0,0.0545,0.498,1.21E-06,0.254,0.511,104.066,230813,4,https://p.scdn.co/mp3-preview/d3e8d7ced6e0f3844b8c0309a7d4baad511a3518?cid=5e7e6827cb774fe1bb25da3028491839
2ekn2ttSfGqwhhate0LSR0,New Rules,Dua Lipa,0.771,0.696,9,-6.258,0,0.0755,0.00256,9.71E-06,0.179,0.656,116.054,208827,4,https://p.scdn.co/mp3-preview/cd327b079e2de504b4444f88e6b3b79afdf789f8?cid=5e7e6827cb774fe1bb25da3028491839
5tz69p7tJuGPeMGwNTxYuV,1-800-273-8255,Logic,0.629,0.572,5,-7.733,0,0.0387,0.57,0,0.192,0.386,100.015,250173,4,-1
7hDc8b7IXETo14hHIHdnhd,Passionfruit,Drake,0.809,0.463,11,-11.377,1,0.0396,0.256,0.085,0.109,0.364,111.98,298941,4,-1
7wGoVu4Dady5GV0Sv4UIsx,rockstar,Post Malone,0.577,0.522,5,-6.594,0,0.0984,0.13,9.03E-05,0.142,0.119,159.772,218320,4,-1
6EpRaXYhGOB3fj4V2uDkMJ,Strip That Down,Liam Payne,0.869,0.485,6,-5.595,1,0.0545,0.246,0,0.0765,0.527,106.028,204502,4,-1
3A7qX2QjDlPnazUsRk5y0M,2U (feat. Justin Bieber),David Guetta,0.548,0.65,8,-5.827,0,0.0591,0.219,0,0.225,0.557,144.937,194897,4,-1
0tgVpDi06FyKpA1z0VMD4v,Perfect,Ed Sheeran,0.599,0.448,8,-6.312,1,0.0232,0.163,0,0.106,0.168,95.05,263400,3,https://p.scdn.co/mp3-preview/9779493d90a47f29e4257aa45bc6146d1ee9cb26?cid=5e7e6827cb774fe1bb25da3028491839
78rIJddV4X0HkNAInEcYde,Call On Me - Ryan Riback Extended Remix,Starley,0.676,0.843,0,-4.068,1,0.0367,0.0623,0.000752,0.181,0.718,105.003,222041,4,-1
5bcTCxgc7xVfSaMV3RuVke,Feels,Calvin Harris,0.893,0.745,11,-3.105,0,0.0571,0.0642,0,0.0943,0.872,101.018,223413,4,https://p.scdn.co/mp3-preview/0c58b32cdd0231ce4dc3cc2fe63a71046fd9f586?cid=5e7e6827cb774fe1bb25da3028491839
0NiXXAI876aGImAd6rTj8w,Mama,Jonas Blue,0.746,0.793,11,-4.209,0,0.0412,0.11,0,0.0528,0.557,104.027,181615,4,-1
0qYTZCo5Bwh1nsUFGZP3zn,Felices los 4,Maluma,0.755,0.789,5,-4.502,1,0.146,0.231,0,0.351,0.737,93.973,229849,4,https://p.scdn.co/mp3-preview/1833b3eee258554c6ac92d3b39786ecfcd66a605?cid=5e7e6827cb774fe1bb25da3028491839
2EEeOnHehOozLq4aS0n6SL,iSpy (feat. Lil Yachty),KYLE,0.746,0.653,7,-6.745,1,0.289,0.378,0,0.229,0.672,75.016,253107,4,https://p.scdn.co/mp3-preview/c4f8b370f963c3fd8f7b6e4064b177711bb7daf7?cid=5e7e6827cb774fe1bb25da3028491839
152lZdxL1OR0ZMW6KquMif,Location,Khalid,0.736,0.449,1,-11.462,0,0.425,0.33,0.000162,0.0898,0.326,80.126,219080,4,https://p.scdn.co/mp3-preview/d50dfb78af7cb29f6363ba1a0d2cbdd707ee137c?cid=5e7e6827cb774fe1bb25da3028491839
6mICuAdrwEjh6Y6lroV2Kg,Chantaje,Shakira,0.852,0.773,8,-2.921,0,0.0776,0.187,3.05E-05,0.159,0.907,102.034,195840,4,https://p.scdn.co/mp3-preview/ed23bf0d09f3589f4b0de7663f91e05e1eb95f6c?cid=5e7e6827cb774fe1bb25da3028491839
4Km5HrUvYTaSUfiSGPJeQR,Bad and Boujee (feat. Lil Uzi Vert),Migos,0.927,0.665,11,-5.313,1,0.244,0.061,0,0.123,0.175,127.076,343150,4,https://p.scdn.co/mp3-preview/7692f502539573458844535e54f247643d2f7157?cid=5e7e6827cb774fe1bb25da3028491839
0ofbQMrRDsUaVKq2mGLEAb,Havana,Camila Cabello,0.768,0.517,7,-4.323,0,0.0312,0.186,3.80E-05,0.104,0.418,104.992,216897,4,-1
6HUnnBwYZqcED1eQztxMBN,Solo Dance,Martin Jensen,0.744,0.836,6,-2.396,0,0.0507,0.0435,0,0.194,0.36,114.965,174933,4,-1
343YBumqHu19cGoGARUTsd,Fake Love,Drake,0.927,0.488,9,-9.433,0,0.42,0.108,0,0.196,0.605,133.987,210937,4,-1
4pdPtRcBmOSQDlJ3Fk945m,Let Me Love You,DJ Snake,0.476,0.718,8,-5.309,1,0.0576,0.0784,1.02E-05,0.122,0.142,199.864,205947,4,-1
3PEgB3fkiojxms35ntsTgs,More Than You Know,Axwell /\ Ingrosso,0.644,0.743,5,-5.002,0,0.0355,0.034,0,0.257,0.544,123.074,203000,4,-1
1xznGGDReH1oQq0xzbwXa3,One Dance,Drake,0.791,0.619,1,-5.886,1,0.0532,0.00784,0.00423,0.351,0.371,103.989,173987,4,-1
7nKBxz47S9SD79N086fuhn,SUBEME LA RADIO,Enrique Iglesias,0.684,0.823,9,-3.297,0,0.0773,0.0744,0,0.111,0.647,91.048,208163,4,https://p.scdn.co/mp3-preview/0c5945ac04ea45dbc3f44615241bc070415a80f0?cid=5e7e6827cb774fe1bb25da3028491839
1NDxZ7cFAo481dtYWdrUnR,Pretty Girl - Cheat Codes X CADE Remix,Maggie Lindemann,0.703,0.868,7,-4.661,0,0.0291,0.15,0.132,0.104,0.733,121.03,193613,4,https://p.scdn.co/mp3-preview/58cb4a89b49f1b0f0a4e3eae532df7c47bc2a0b8?cid=5e7e6827cb774fe1bb25da3028491839
3m660poUr1chesgkkjQM7P,Sorry Not Sorry,Demi Lovato,0.704,0.633,11,-6.923,0,0.241,0.0214,0,0.29,0.863,144.021,203760,4,-1
3kxfsdsCpFgN412fpnW85Y,Redbone,Childish Gambino,0.743,0.359,1,-10.401,1,0.0794,0.199,0.00611,0.137,0.587,160.083,326933,4,-1
6b8Be6ljOzmkOmFslEb23P,24K Magic,Bruno Mars,0.818,0.803,1,-4.282,1,0.0797,0.034,0,0.153,0.632,106.97,225983,4,https://p.scdn.co/mp3-preview/3213a35ec32d4c747e794072a5ef7b464b4fcb69?cid=5e7e6827cb774fe1bb25da3028491839
6HZILIRieu8S0iqY8kIKhj,DNA.,Kendrick Lamar,0.637,0.514,1,-6.763,1,0.365,0.0047,0,0.094,0.402,139.931,185947,4,-1
3umS4y3uQDkqekNjVpiRUs,El Amante,Nicky Jam,0.683,0.691,8,-5.535,1,0.0432,0.243,0,0.14,0.732,179.91,219507,4,https://p.scdn.co/mp3-preview/efd798795aee9d827b2a938e044d8e1d96e3d94f?cid=5e7e6827cb774fe1bb25da3028491839
00lNx0OcTJrS3MKHcB80HY,You Don't Know Me - Radio Edit,Jax Jones,0.876,0.669,11,-6.054,0,0.138,0.163,0,0.185,0.682,124.007,213947,4,-1
6520aj0B4FSKGVuKNsOCOi,Chained To The Rhythm,Katy Perry,0.448,0.801,0,-5.363,1,0.165,0.0733,0,0.146,0.462,189.798,237734,4,-1
1louJpMmzEicAn7lzDalPW,No Promises (feat. Demi Lovato),Cheat Codes,0.741,0.667,10,-5.445,1,0.134,0.0575,0,0.106,0.595,112.956,223504,4,-1
2QbFClFyhMMtiurUjuQlAe,Don't Wanna Know (feat. Kendrick Lamar),Maroon 5,0.775,0.617,7,-6.166,1,0.0701,0.341,0,0.0985,0.485,100.048,214265,4,-1
5hYTyyh2odQKphUbMqc5gN,"How Far I'll Go - From ""Moana""",Alessia Cara,0.314,0.555,9,-9.601,1,0.37,0.157,0.000108,0.067,0.159,179.666,175517,4,-1
38yBBH2jacvDxrznF7h08J,Slow Hands,Niall Horan,0.734,0.418,0,-6.678,1,0.0425,0.0129,0,0.0579,0.868,85.909,188174,4,-1
2cnKEkpVUSV4wnjQiTWfH6,Escapate Conmigo,Wisin,0.747,0.864,8,-3.181,0,0.0599,0.0245,4.46E-05,0.0853,0.754,92.028,232787,4,-1
0SGkqnVQo9KPytSri1H6cF,Bounce Back,Big Sean,0.77,0.567,2,-5.698,1,0.175,0.105,0,0.125,0.26,81.477,222360,4,-1
5Ohxk2dO5COHF1krpoPigN,Sign of the Times,Harry Styles,0.516,0.595,5,-4.63,1,0.0313,0.0275,0,0.109,0.222,119.972,340707,4,https://p.scdn.co/mp3-preview/af237206f611b722f48620ece049aff3b8650e77?cid=5e7e6827cb774fe1bb25da3028491839
6gBFPUFcJLzWGx4lenP6h2,goosebumps,Travis Scott,0.841,0.728,7,-3.37,1,0.0484,0.0847,0,0.149,0.43,130.049,243837,4,https://p.scdn.co/mp3-preview/d6d1ec9bfc82463707878d5e36d15e7b8a364069?cid=5e7e6827cb774fe1bb25da3028491839
5Z3GHaZ6ec9bsiI5BenrbY,Young Dumb & Broke,Khalid,0.798,0.539,1,-6.351,1,0.0421,0.199,1.66E-05,0.165,0.394,136.949,202547,4,https://p.scdn.co/mp3-preview/6f984c9c6e43eccb00fefdce091212f08887258a?cid=5e7e6827cb774fe1bb25da3028491839
6jA8HL9i4QGzsj6fjoxp8Y,There for You,Martin Garrix,0.611,0.644,6,-7.607,0,0.0553,0.124,0,0.124,0.13,105.969,221904,4,https://p.scdn.co/mp3-preview/090c4307f87985a4fd16f87ed10660b86207dfd2?cid=5e7e6827cb774fe1bb25da3028491839
21TdkDRXuAB3k90ujRU1et,Cold (feat. Future),Maroon 5,0.697,0.716,9,-6.288,0,0.113,0.118,0,0.0424,0.506,99.905,234308,4,-1
7vGuf3Y35N4wmASOKLUVVU,Silence,Marshmello,0.52,0.761,4,-3.093,1,0.0853,0.256,4.96E-06,0.17,0.286,141.971,180823,4,https://p.scdn.co/mp3-preview/d779881bd6bbcced00dbf7f5b87e3374bf7c058b?cid=5e7e6827cb774fe1bb25da3028491839
1mXVgsBdtIVeCLJnSnmtdV,Too Good At Goodbyes,Sam Smith,0.698,0.375,5,-8.279,1,0.0491,0.652,0,0.173,0.534,91.92,201000,4,-1
3EmmCZoqpWOTY1g2GBwJoR,Just Hold On,Steve Aoki,0.647,0.932,11,-3.515,1,0.0824,0.00383,1.50E-06,0.0574,0.374,114.991,198774,4,https://p.scdn.co/mp3-preview/8d728867e6951fadd40709dfc34b9050c8e7cef5?cid=5e7e6827cb774fe1bb25da3028491839
6uFsE1JgZ20EXyU0JQZbUR,Look What You Made Me Do,Taylor Swift,0.773,0.68,9,-6.378,0,0.141,0.213,1.57E-05,0.122,0.497,128.062,211859,4,-1
0CokSRCu5hZgPxcZBaEzVE,Glorious (feat. Skylar Grey),Macklemore,0.731,0.794,0,-5.126,0,0.0522,0.0323,2.59E-05,0.112,0.356,139.994,220454,4,https://p.scdn.co/mp3-preview/6b6ff3c8c72111b85b011d5ce8d573cbd2a8d8c9?cid=5e7e6827cb774fe1bb25da3028491839
6875MeXyCW0wLyT72Eetmo,Starving,Hailee Steinfeld,0.721,0.626,4,-4.2,1,0.123,0.402,0,0.102,0.558,99.914,181933,4,-1
3AEZUABDXNtecAOSC1qTfo,Reggaeton Lento (Bailemos),CNCO,0.761,0.838,4,-3.073,0,0.0502,0.4,0,0.176,0.71,93.974,222560,4,https://p.scdn.co/mp3-preview/8bc3526c08a09338a4d70433c5795a6c90f5dd78?cid=5e7e6827cb774fe1bb25da3028491839
3E2Zh20GDCR9B1EYjfXWyv,Weak,AJR,0.673,0.637,5,-4.518,1,0.0429,0.137,0,0.184,0.678,123.98,201160,4,https://p.scdn.co/mp3-preview/e9123af930849a20dad875b2a42e5ca65f1944b6?cid=5e7e6827cb774fe1bb25da3028491839
4pLwZjInHj3SimIyN9SnOz,Side To Side,Ariana Grande,0.648,0.738,6,-5.883,0,0.247,0.0408,0,0.292,0.603,159.145,226160,4,-1
3QwBODjSEzelZyVjxPOHdq,Otra Vez (feat. J Balvin),Zion & Lennox,0.832,0.772,10,-5.429,1,0.1,0.0559,0.000486,0.44,0.704,96.016,209453,4,https://p.scdn.co/mp3-preview/79c8c9edc4f1ced9dbc368f24374421ed0a33005?cid=5e7e6827cb774fe1bb25da3028491839
1wjzFQodRWrPcQ0AnYnvQ9,I Like Me Better,Lauv,0.752,0.505,9,-7.621,1,0.253,0.535,2.55E-06,0.104,0.419,91.97,197437,4,https://p.scdn.co/mp3-preview/fa069a3be2d69aab5378b55f6c66d8b3eff1a6d3?cid=5e7e6827cb774fe1bb25da3028491839
04DwTuZ2VBdJCCC5TROn7L,In the Name of Love,Martin Garrix,0.49,0.485,4,-6.237,0,0.0406,0.0592,0,0.337,0.196,133.889,195840,4,-1
6DNtNfH8hXkqOX1sjqmI7p,Cold Water (feat. Justin Bieber & MO),Major Lazer,0.608,0.798,6,-5.092,0,0.0432,0.0736,0,0.156,0.501,92.943,185352,4,-1
1UZOjK1BwmwWU14Erba9CZ,Malibu,Miley Cyrus,0.573,0.781,8,-6.406,1,0.0555,0.0767,2.64E-05,0.0813,0.343,139.934,231907,4,https://p.scdn.co/mp3-preview/d300bc1fe7b5c054355ad4da8da37964c66054d9?cid=5e7e6827cb774fe1bb25da3028491839
4b4KcovePX8Ke2cLIQTLM0,All Night,The Vamps,0.544,0.809,8,-5.098,1,0.0363,0.0038,0,0.323,0.448,145.017,197640,4,-1
1a5Yu5L18qNxVhXx38njON,Hear Me Now,Alok,0.789,0.442,11,-7.844,1,0.0421,0.586,0.00366,0.0927,0.45,121.971,192846,4,-1
4c2W3VKsOFoIg2SFaO6DY5,Your Song,Rita Ora,0.855,0.624,1,-4.093,1,0.0488,0.158,0,0.0513,0.962,117.959,180757,4,https://p.scdn.co/mp3-preview/91a31303c4101d8cdd1a7a3894644cc236c6e776?cid=5e7e6827cb774fe1bb25da3028491839
22eADXu8DfOAUEDw4vU8qy,Ahora Dice,Chris Jeday,0.708,0.693,6,-5.516,1,0.138,0.246,0,0.129,0.427,143.965,271080,4,-1
7nZmah2llfvLDiUjm0kiyz,Friends (with BloodPop),Justin Bieber,0.744,0.739,8,-5.35,1,0.0387,0.00459,0,0.306,0.649,104.99,189467,4,-1
2fQrGHiQOvpL9UgPvtYy6G,Bank Account,21 Savage,0.884,0.346,8,-8.228,0,0.351,0.0151,7.04E-06,0.0871,0.376,75.016,220307,4,https://p.scdn.co/mp3-preview/249295a31e99403d93c629504ba96e2f636cca20?cid=5e7e6827cb774fe1bb25da3028491839
1PSBzsahR2AKwLJgx8ehBj,Bad Things (with Camila Cabello),Machine Gun Kelly,0.675,0.69,2,-4.761,1,0.132,0.21,0,0.287,0.272,137.817,239293,4,-1
0QsvXIfqM0zZoerQfsI9lm,Don't Let Me Down,The Chainsmokers,0.542,0.859,11,-5.651,1,0.197,0.16,0.00466,0.137,0.403,159.797,208053,4,-1
7mldq42yDuxiUNn08nvzHO,Body Like A Back Road,Sam Hunt,0.731,0.469,5,-7.226,1,0.0326,0.463,1.04E-06,0.103,0.631,98.963,165387,4,-1
7i2DJ88J7jQ8K7zqFX2fW8,Now Or Never,Halsey,0.658,0.588,6,-4.902,0,0.0367,0.105,1.28E-06,0.125,0.434,110.075,214802,4,-1
1j4kHkkpqZRBwE0A4CN4Yv,Dusk Till Dawn - Radio Edit,ZAYN,0.258,0.437,11,-6.593,0,0.039,0.101,1.27E-06,0.106,0.0967,180.043,239000,4,https://p.scdn.co/mp3-preview/e2e03acfd38d7cfa2baa924e0e9c7a80f9b49137?cid=5e7e6827cb774fe1bb25da3028491839
